epoch,loss,acc1_pct,acc5_pct
0,4.498328575721154,0.577810095050014,6.758938729763031
1,4.1735698993389425,3.857355425134301,12.23002546108686
